{"validation_loss": 4.204901695251465, "bleu": 7.258003628214605}