{"validation_loss": 3.7451694011688232, "bleu": 11.10812240181152}