{"validation_loss": 3.223064422607422, "bleu": 14.774299473317702}