{"validation_loss": 4.619781017303467, "bleu": 7.388453744028339}