{"validation_loss": 2.9517571926116943, "bleu": 17.355755117529345}