{"validation_loss": 2.8509950637817383, "bleu": 17.447160202925524}