{"validation_loss": 3.388352394104004, "bleu": 13.061922491655212}