{"validation_loss": 3.5522682666778564, "bleu": 11.71418331610807}