{"validation_loss": 3.079712152481079, "bleu": 15.881042832855934}