{"validation_loss": 3.950861930847168, "bleu": 9.666306895988166}